{
  "intercept": 30243.559795962457,
  "coefficients": {
    "WorkExp": 1560.0770261446578,
    "Country_Albania": -21992.595565847165,
    "Country_Algeria": -41108.29243684473,
    "Country_Andorra": 134792.01715061298,
    "Country_Argentina": -21013.32922378603,
    "Country_Armenia": -18996.805179394323,
    "Country_Australia": 36611.68767788955,
    "Country_Austria": 15772.071105652212,
    "Country_Azerbaijan": -18376.87396709882,
    "Country_Bahrain": 46064.052170971976,
    "Country_Bangladesh": -24140.682401132653,
    "Country_Barbados": -31583.560545465076,
    "Country_Belarus": -20370.87544270597,
    "Country_Belgium": 6558.121411493499,
    "Country_Bhutan": -41884.4800266556,
    "Country_Bolivia": -23932.18856376779,
    "Country_Bosnia and Herzegovina": -15465.622021812247,
    "Country_Brazil": -22073.186161753954,
    "Country_Bulgaria": -742.2129505085122,
    "Country_Cambodia": -43439.63407894349,
    "Country_Cameroon": -51464.98284938537,
    "Country_Canada": 35907.68983905257,
    "Country_Chile": -21200.953296877855,
    "Country_China": -5184.447536331456,
    "Country_Colombia": -19321.55687146233,
    "Country_Congo, Republic of the...": 15376.903764194562,
    "Country_Costa Rica": -10189.576784011806,
    "Country_Croatia": -18404.430912483964,
    "Country_Cuba": 101516.37749159349,
    "Country_Cyprus": 15837.40441472148,
    "Country_Czech Republic": -3865.6900745641688,
    "Country_C\u00f4te d'Ivoire": -29525.94433631454,
    "Country_Democratic Republic of the Congo": -45780.13474885437,
    "Country_Denmark": 32848.30741605853,
    "Country_Dominican Republic": -12499.719393562687,
    "Country_Ecuador": -17863.768946862838,
    "Country_Egypt": -29732.820707661805,
    "Country_El Salvador": -2853.7119983511457,
    "Country_Estonia": 21244.97259397291,
    "Country_Ethiopia": 28751.15908278812,
    "Country_Finland": 7872.276506488826,
    "Country_France": 476.75965256418567,
    "Country_Georgia": 12016.309185667084,
    "Country_Germany": 20747.719260210288,
    "Country_Ghana": -32718.84091721177,
    "Country_Greece": -14893.27032100568,
    "Country_Guatemala": -25377.21218697598,
    "Country_Guyana": -27673.429122523055,
    "Country_Honduras": -20534.654481393198,
    "Country_Hong Kong (S.A.R.)": 29554.211498936143,
    "Country_Hungary": -9799.78735605252,
    "Country_Iceland": 33401.22442264611,
    "Country_India": -21639.482306516307,
    "Country_Indonesia": -39390.84023470737,
    "Country_Iran, Islamic Republic of...": 38121.638583720276,
    "Country_Iraq": -48153.92770459103,
    "Country_Ireland": 49317.87524067851,
    "Country_Isle of Man": -3218.9150822849297,
    "Country_Israel": 76205.01119951459,
    "Country_Italy": -11101.139902527415,
    "Country_Jamaica": -3.4269760362803936e-09,
    "Country_Japan": 4925.0034462649855,
    "Country_Jordan": -16006.250590989013,
    "Country_Kazakhstan": -31242.223281240906,
    "Country_Kenya": -16171.812326708181,
    "Country_Kosovo": -847.9917087147514,
    "Country_Kuwait": -47052.48567214082,
    "Country_Kyrgyzstan": -17121.473836510617,
    "Country_Latvia": -9577.741859974933,
    "Country_Lebanon": -14610.990389433311,
    "Country_Lithuania": 9965.178488635858,
    "Country_Luxembourg": 40398.3338914422,
    "Country_Madagascar": -42451.135418790305,
    "Country_Malawi": -45910.78813123236,
    "Country_Malaysia": -32654.009342169553,
    "Country_Maldives": -38073.75807617816,
    "Country_Malta": 14956.632147543864,
    "Country_Mauritania": 61583.3616154165,
    "Country_Mauritius": -37254.82597434226,
    "Country_Mexico": -19777.135474332317,
    "Country_Moldova": -19057.75314254644,
    "Country_Mongolia": -38030.02351530112,
    "Country_Montenegro": -19775.30612254854,
    "Country_Morocco": -31370.336818683983,
    "Country_Mozambique": -42575.480026656194,
    "Country_Myanmar": -49555.473457102504,
    "Country_Nepal": -4776.221118303651,
    "Country_Netherlands": 22991.658253180285,
    "Country_New Zealand": 10621.199443340563,
    "Country_Nicaragua": 142759.5956596192,
    "Country_Nigeria": -32748.428899178798,
    "Country_Nomadic": 117120.05781648164,
    "Country_North Korea": 257174.35114592884,
    "Country_Norway": 26768.727056708107,
    "Country_Oman": 311654.2875550444,
    "Country_Pakistan": -34228.265818481945,
    "Country_Panama": -14508.789566447953,
    "Country_Paraguay": -24322.219573632265,
    "Country_Peru": -25621.129025049686,
    "Country_Philippines": -20844.757194661477,
    "Country_Poland": -527.5261121307558,
    "Country_Portugal": 3070.528290924336,
    "Country_Qatar": -15435.71541072698,
    "Country_Republic of Korea": 50350.98511216733,
    "Country_Republic of Moldova": -10253.443769314468,
    "Country_Republic of North Macedonia": -4829.554108334504,
    "Country_Romania": -1171.5259407350495,
    "Country_Russian Federation": -17670.152196563864,
    "Country_Rwanda": -25709.63068785059,
    "Country_Saint Lucia": 3.816967364400625e-08,
    "Country_Saudi Arabia": 1488.3395378734726,
    "Country_Serbia": 3553.5511758488983,
    "Country_Singapore": 71183.96432556523,
    "Country_Slovakia": -12917.421313735402,
    "Country_Slovenia": 5157.378442760165,
    "Country_South Africa": -8874.982274501157,
    "Country_South Korea": -2483.8368513128808,
    "Country_Spain": 546.6850135946661,
    "Country_Sri Lanka": -20337.165780955493,
    "Country_Suriname": -51567.01920966228,
    "Country_Swaziland": -15188.254344270477,
    "Country_Sweden": 6368.146802898751,
    "Country_Switzerland": 77955.627625355,
    "Country_Syrian Arab Republic": -43444.78089174281,
    "Country_Taiwan": -24555.41924348984,
    "Country_Thailand": -554.2401276727578,
    "Country_Trinidad and Tobago": -20542.172815334827,
    "Country_Tunisia": -39962.98327094698,
    "Country_Turkey": -10952.060997468052,
    "Country_Turkmenistan": -13839.248948224958,
    "Country_Uganda": -43291.63407894304,
    "Country_Ukraine": -15932.208676472794,
    "Country_United Arab Emirates": 29660.768260968634,
    "Country_United Kingdom of Great Britain and Northern Ireland": 34846.37456959167,
    "Country_United States of America": 93109.71567789323,
    "Country_Uruguay": -5783.857972295521,
    "Country_Uzbekistan": -23175.66468259023,
    "Country_Venezuela, Bolivarian Republic of...": -28333.316328468856,
    "Country_Viet Nam": -38486.02350633183,
    "Country_Yemen": -39183.30406266356,
    "Country_Zambia": 1.77351466845721e-11,
    "Country_Zimbabwe": -28524.71442214219,
    "EdLevel_Bachelor\u2019s degree (B.A., B.S., B.Eng., etc.)": 17035.61212609779,
    "EdLevel_Master\u2019s degree (M.A., M.S., M.Eng., MBA, etc.)": 25062.847510165957,
    "EdLevel_Other (please specify):": 1023.3864436219183,
    "EdLevel_Primary/elementary school": 6876.517332539525,
    "EdLevel_Professional degree (JD, MD, Ph.D, Ed.D, etc.)": 23972.727447098343,
    "EdLevel_Secondary school (e.g. American high school, German Realschule or Gymnasium, etc.)": 1668.7944905329023,
    "EdLevel_Some college/university study without earning a degree": 8924.981438016115
  }
}